patient_id,name,address,phone_number,password,photo_url,hospital_id,email
1,"Jacob Wright","8899 Aspen Drive, District","+91 1234567823",JacgobWri0,jacob_wright.jpg,1,jacob.wright@example.com
2,"Sofia Cook","9900 Oak Avenue, Village","+91 1234567824",SofiagCoo1,sofia_cook.jpg,2,sofia.cook@example.com
3,"Sebastian Rogers","2233 Aspen Street, Town","+91 1234567825",Sebastgi2,sebastian_rogers.jpg,3,sebastian.rogers@example.com
4,"Camila Collins","3344 Redwood Drive, Zone","+91 1234567826",CamgilaCo3,camila_collins.jpg,4,camila.collins@example.com
5,"Daniel Edwards","4455 Sycamore Parkway, Locale","+91 1234567827",DanigelEd4,daniel_edwards.jpg,1,daniel.edwards@example.com
6,"Evelyn Hill","5566 Cedar Avenue, Territory","+91 1234567828",EvelygnHi5,evelyn_hill.jpg,2,evelyn.hill@example.com
7,"Gabriel Coleman","6677 Walnut Street, Province","+91 1234567829",GabrielgC6,gabriel_coleman.jpg,3,gabriel.coleman@example.com
8,"Hannah Mitchell","7788 Chestnut Lane, Region","+91 1234567830",HanngahMi7,hannah_mitchell.jpg,4,hannah.mitchell@example.com
9,"Isaac Griffin","8899 Aspen Drive, Borough","+91 1234567831",IsaacGri8,isaac_griffin.jpg,1,isaac.griffin@example.com
10,"Jack Barnes","9900 Oak Avenue, Hamlet","+91 1234567832",Jack1Barng9,jack_barnes.jpg,2,jack.barnes@example.com
11,"Lillian Fisher","2233 Aspen Street, City","+91 1234567833",LilliganF0,lillian_fisher.jpg,3,lillian.fisher@example.com
12,"Oliver Ross","3344 Redwood Drive, District","+91 1234567834",OlivgerRo1,oliver_ross.jpg,4,oliver.ross@example.com
13,"Natalie Griffin","4455 Sycamore Parkway, Village","+91 1234567835",NgatalieG2,natalie_griffin.jpg,1,natalie.griffin@example.com
14,"Owen Cooper","5566 Cedar Avenue, Town","+91 1234567836",OwenCgoop3,owen_cooper.jpg,2,owen.cooper@example.com
15,"Peyton Butler","6677 Walnut Street, Zone","+91 1234567837",PeytonggBu4,peyton_butler.jpg,3,peyton.butler@example.com
16,"Quinn Peterson","7788 Chestnut Lane, Locale","+91 1234567838",QuinnPgget5,quinn_peterson.jpg,4,quinn.peterson@example.com
17,"Ruby Kelly","8899 Aspen Drive, Province","+91 1234567839",RubygKell6,ruby_kelly.jpg,1,ruby.kelly@example.com
18,"Samuel Richardson","9900 Oak Avenue, Region","+91 1234567840",SgamuelRi7f,samuel_richardson.jpg,2,samuel.richardson@example.com
19,"Taylor Hayes","2233 Aspen Street, Hamlet","+91 1234567841",TaylfforHa8,taylor_hayes.jpg,3,taylor.hayes@example.com
20,"Violet Bell","3344 Redwood Drive, City","+91 1234567842",ViofletBe9,violet_bell.jpg,4,violet.bell@example.com
21,"Wyatt Coleman","4455 Sycamore Parkway, District","+91 1234567843",WyatdtCole,wyatt_coleman.jpg,1,wyatt.coleman@example.com
22,"Zoe Richardson","5566 Cedar Avenue, Village","+91 1234567844",ZoeddRicha1,zoe_richardson.jpg,2,zoe.richardson@example.com
23,"Ethan Nguyen","6677 Walnut Street, Town","+91 1234567845",EthanddNguy2,ethan_nguyen.jpg,3,ethan.nguyen@example.com
24,"Layla Patel","7788 Chestnut Lane, Zone","+91 1234567846",LayladdPate3,layla_patel.jpg,4,layla.patel@example.com
25,"Zachary Cox","8899 Aspen Drive, Locale","+91 1234567847",ZachddaryCo4,zachary_cox.jpg,1,zachary.cox@example.com
26,"Madelyn Rivera","9900 Oak Avenue, Province","+91 1234567848",MadettlynR5,madelyn_rivera.jpg,2,madelyn.rivera@example.com
27,"Adrian Ward","2233 Aspen Street, Region","+91 1234567849",AdritanWar6,adrian_ward.jpg,3,adrian.ward@example.com
28,"Arianna Foster","3344 Redwood Drive, Hamlet","+91 1234567850",AriannaFo7,arianna_foster.jpg,4,arianna.foster@example.com
29,"Jaxon Washington","4455 Sycamore Parkway, City","+91 1234567851",JaxonWash8,jaxon_washington.jpg,1,jaxon.washington@example.com
30,"Skylar Sanders","5566 Cedar Avenue, District","+91 1234567852",SkylarSan9,skylar_sanders.jpg,2,skylar.sanders@example.com
31,"Kennedy Bryant","6677 Walnut Street, Village","+91 1234567853",KennedyB1,kennedy_bryant.jpg,3,kennedy.bryant@example.com
32,"John Doe","1234 Elm Street, City","+91 1234567890",Passwt0rd,john_doe.jpg,1,john.doe@example.com
33,"Jane Smith","5678 Oak Avenue, Town","+91 1234567891",SecurteP1,jane_smith.jpg,2,jane.smith@example.com
34,"Alice Brown","9101 Maple Drive, Village","+91 1234567892",Alicett123,alice_brown.jpg,3,alice.brown@example.com
35,"Bob Johnson","1122 Pine Road, Metropolis","+91 1234567893",BobttSecur,bob_johnson.jpg,4,bob.johnson@example.com
36,"Carol White","3344 Cedar Lane, Hamlet","+91 1234567894",Cartt0lPwd,carol_white.jpg,1,carol.white@example.com
37,"David Green","5566 Birch Boulevard, Borough","+91 1234567895",D@vttid123,david_green.jpg,2,david.green@example.com
38,"Eve Black","7788 Walnut Street, District","+91 1234567896",EveSetcure,eve_black.jpg,3,eve.black@example.com
39,"Frank Wilson","9900 Chestnut Court, Province","+91 1234567897",Fr@nkt123,frank_wilson.jpg,4,frank.wilson@example.com
40,"Grace Lee","1112 Aspen Parkway, Region","+91 1234567898",GratceL12,grace_lee.jpg,1,grace.lee@example.com
41,"Henry King","2234 Redwood Drive, Municipality","+91 1234567899",HenrtyK1!,henry_king.jpg,2,henry.king@example.com
42,"Ian Thomas","3345 Sycamore Street, Area","+91 1234567800",IantTh0ma,ian_thomas.jpg,3,ian.thomas@example.com
43,"Liam Miller","5567 Ash Street, Locale","+91 1234567802",LitamM1ll,liam_miller.jpg,1,liam.miller@example.com
44,"Olivia Wilson","6789 Elm Road, Township","+91 1234567803",Oliv1taW!,olivia_wilson.jpg,2,olivia.wilson@example.com
45,"Noah Davis","7890 Oak Circle, Suburb","+91 1234567804",NoahtD4v,noah_davis.jpg,3,noah.davis@example.com
46,"Emma Johnson","8901 Pine Street, Quarter","+91 1234567805",EmmatJ0hn,emma_johnson.jpg,4,emma.johnson@example.com
47,"Ava Brown","9012 Birch Avenue, County","+91 1234567806",AvaBtr0wn,ava_brown.jpg,1,ava.brown@example.com
48,"Sophia Martinez","1233 Maple Lane, Shire","+91 1234567807",Sopht1aM!,sophia_martinez.jpg,2,sophia.martinez@example.com
49,"Mason Garcia","2344 Cedar Drive, Territory","+91 1234567808",MasotnG12,mason_garcia.jpg,3,mason.garcia@example.com
50,"Isabella Taylor","3455 Walnut Road, Province","+91 1234567809",Isabt3lla,isabella_taylor.jpg,4,isabella.taylor@example.com
51,"Lucas Anderson","4566 Chestnut Court, Hamlet","+91 1234567810",LuttcasA1!,lucas_anderson.jpg,1,lucas.anderson@example.com
52,"Mia Thomas","5677 Aspen Street, Region","+91 1234567811",MiaThtt0ma,mia_thomas.jpg,2,mia.thomas@example.com
53,"Benjamin Lee","6788 Redwood Boulevard, Municipality","+91 1234567812",Bettnj4min,benjamin_lee.jpg,3,benjamin.lee@example.com
54,"Harper White","7899 Sycamore Parkway, Metropolis","+91 1234567813",Harttp3rW!,harper_white.jpg,4,harper.white@example.com
55,"Ethan Harris","8900 Spruce Avenue, Town","+91 1234567814",Eth@ttnH!1,ethan_harris.jpg,1,ethan.harris@example.com
56,"Amelia Clark","9011 Elm Street, City","+91 1234567815",Ametl1aC2,amelia_clark.jpg,2,amelia.clark@example.com
57,"James Robinson","1122 Oak Road, Village","+91 1234567816",Jame5R!t3,james_robinson.jpg,3,james.robinson@example.com
58,"Charlotte Lewis","2233 Pine Drive, Borough","+91 1234567817",Charttl0tt4,charlotte_lewis.jpg,4,charlotte.lewis@example.com
59,"Michael Walker","3344 Birch Boulevard, Township","+91 1234567818",M1ctthaelW5,michael_walker.jpg,1,michael.walker@example.com
60,"Ella Hall","4455 Maple Court, Region","+91 1234567819",Ell@ttH@ll6,ella_hall.jpg,2,ella.hall@example.com
61,"Alexander Allen","5566 Cedar Avenue, Zone","+91 1234567820",Al3tx@ndr7,alexander_allen.jpg,3,alexander.allen@example.com
62,"Aiden Young","6677 Walnut Street, Locale","+91 1234567821",Attid3nY8!,aiden_young.jpg,4,aiden.young@example.com
63,"Martha  Clove",jdhbjhdbhbsdbjsbdjhbjhsbfjhsfs,"+91 1234567901",lButqyagh,http://localhost:4000/images/patient_1716728347499.jpg,1,martha@gmail.com
64,"Martha  Clove",jdhbjhdbhbsdbjsbdjhbjhsbfjhsfs,"+91 1234567901",lButqyagh,http://localhost:4000/images/patient_1716732649093.jpg,1,martha@gmail.com
